<?xml version="1.0"?>
<!DOCTYPE hibernate-mapping PUBLIC "-//Hibernate/Hibernate Mapping DTD 3.0//EN"
"http://hibernate.sourceforge.net/hibernate-mapping-3.0.dtd">
<!-- Generated Nov 1, 2014 8:38:06 PM by Hibernate Tools 3.4.0.CR1 -->
<hibernate-mapping>
    <class name="AccountSummary" table="account_summary" catalog="cse545group4bank">
        <id name="accountNumber" type="int">
            <column name="ACCOUNT_NUMBER" />
            <generator class="assigned" />
        </id>
        <many-to-one name="employee" class="Employee" fetch="select">
            <column name="EMPLOYEE_ID_REVIEWING" length="40" />
        </many-to-one>
        <property name="balance" type="int">
            <column name="BALANCE" not-null="true" />
        </property>
        <property name="updateFlag" type="java.lang.Boolean">
            <column name="UPDATE_FLAG" />
        </property>
        <property name="deleteFlag" type="java.lang.Boolean">
            <column name="DELETE_FLAG" />
        </property>
        <property name="viewFlag" type="java.lang.Boolean">
            <column name="VIEW_FLAG" />
        </property>
        <property name="sentToAdminFlag" type="java.lang.Boolean">
            <column name="SENT_TO_ADMIN_FLAG" />
        </property>
        <set name="dummytransactionsForUserReceiving" table="dummytransaction" inverse="true" lazy="true" fetch="select">
            <key>
                <column name="USER_RECEIVING" not-null="true" />
            </key>
            <one-to-many class="Dummytransaction" />
        </set>
        <set name="dummytransactionsForUserSending" table="dummytransaction" inverse="true" lazy="true" fetch="select">
            <key>
                <column name="USER_SENDING" not-null="true" />
            </key>
            <one-to-many class="Dummytransaction" />
        </set>
        <set name="transactionsForSender" table="transaction" inverse="true" lazy="true" fetch="select">
            <key>
                <column name="SENDER" not-null="true" />
            </key>
            <one-to-many class="Transaction" />
        </set>
        <set name="transactionsForReceiver" table="transaction" inverse="true" lazy="true" fetch="select">
            <key>
                <column name="RECEIVER" not-null="true" />
            </key>
            <one-to-many class="Transaction" />
        </set>
    </class>
</hibernate-mapping>
