<?xml version="1.0"?>
<!DOCTYPE hibernate-mapping PUBLIC "-//Hibernate/Hibernate Mapping DTD 3.0//EN"
"http://hibernate.sourceforge.net/hibernate-mapping-3.0.dtd">
<!-- Generated Nov 1, 2014 8:38:06 PM by Hibernate Tools 3.4.0.CR1 -->
<hibernate-mapping>
    <class name="Admininfo" table="admininfo" catalog="cse545group4bank">
        <id name="adminId" type="string">
            <column name="ADMIN_ID" length="40" />
            <generator class="assigned" />
        </id>
        <property name="adminName" type="string">
            <column name="ADMIN_NAME" length="45" not-null="true" />
        </property>
        <property name="adminEmail" type="string">
            <column name="ADMIN_EMAIL" length="45" not-null="true" />
        </property>
    </class>
</hibernate-mapping>
