<?xml version="1.0"?>
<!DOCTYPE hibernate-mapping PUBLIC "-//Hibernate/Hibernate Mapping DTD 3.0//EN"
"http://hibernate.sourceforge.net/hibernate-mapping-3.0.dtd">
<!-- Generated Nov 1, 2014 8:38:06 PM by Hibernate Tools 3.4.0.CR1 -->
<hibernate-mapping>
    <class name="Login" table="login" catalog="cse545group4bank">
        <id name="loginId" type="string">
            <column name="LOGIN_ID" length="40" />
            <generator class="assigned" />
        </id>
        <property name="password" type="string">
            <column name="PASSWORD" length="45" not-null="true" />
        </property>
        <property name="role" type="string">
            <column name="ROLE" length="45" not-null="true" />
        </property>
        <property name="otp" type="string">
            <column name="OTP" length="45" />
        </property>
        <property name="failedAttempts" type="int">
            <column name="FAILED_ATTEMPTS" not-null="true" />
        </property>
        <property name="blockedStatus" type="java.lang.Boolean">
            <column name="BLOCKED_STATUS" />
        </property>
        <property name="deleteFlag" type="java.lang.Boolean">
            <column name="DELETE_FLAG" />
        </property>
        <property name="loginStatus" type="java.lang.Boolean">
            <column name="LOGIN_STATUS" />
        </property>
    </class>
</hibernate-mapping>
