<?xml version="1.0"?>
<!DOCTYPE hibernate-mapping PUBLIC "-//Hibernate/Hibernate Mapping DTD 3.0//EN"
"http://hibernate.sourceforge.net/hibernate-mapping-3.0.dtd">
<!-- Generated Nov 1, 2014 8:38:06 PM by Hibernate Tools 3.4.0.CR1 -->
<hibernate-mapping>
    <class name="Merchantinfo" table="merchantinfo" catalog="cse545group4bank">
        <id name="merchantId" type="string">
            <column name="MERCHANT_ID" length="40" />
            <generator class="assigned" />
        </id>
        <property name="merchantName" type="string">
            <column name="MERCHANT_NAME" length="45" not-null="true" />
        </property>
        <property name="merchantEmail" type="string">
            <column name="MERCHANT_EMAIL" length="45" not-null="true" />
        </property>
        <property name="merchantAddress" type="string">
            <column name="MERCHANT_ADDRESS" length="45" not-null="true" />
        </property>
        <property name="merchantIncomeTaxNumber" type="string">
            <column name="MERCHANT_INCOME_TAX_NUMBER" length="45" not-null="true" />
        </property>
        <property name="merchantDeleteFlag" type="java.lang.Boolean">
            <column name="MERCHANT_DELETE_FLAG" />
        </property>
        <property name="merchantAccountNumber" type="int">
            <column name="MERCHANT_ACCOUNT_NUMBER" not-null="true" />
        </property>
    </class>
</hibernate-mapping>
